name,stats_legend,full_stats_according_to_legend
Precious Achiuwa,"['PLAYER_ID', 'SEASON_ID', 'LEAGUE_ID', 'TEAM_ID', 'TEAM_ABBREVIATION', 'PLAYER_AGE', 'GP', 'GS', 'MIN', 'FGM', 'FGA', 'FG_PCT', 'FG3M', 'FG3A', 'FG3_PCT', 'FTM', 'FTA', 'FT_PCT', 'OREB', 'DREB', 'REB', 'AST', 'STL', 'BLK', 'TOV', 'PF', 'PTS']","[[1630173, '2020-21', '00', 1610612748, 'MIA', 21.0, 61, 4, 737, 124, 228, 0.544, 0, 1, 0.0, 56, 110, 0.509, 73, 135, 208, 29, 20, 28, 43, 91, 304], [1630173, '2021-22', '00', 1610612761, 'TOR', 22.0, 73, 28, 1725, 265, 603, 0.439, 56, 156, 0.359, 78, 131, 0.595, 146, 327, 473, 82, 37, 41, 84, 151, 664], [1630173, '2022-23', '00', 1610612761, 'TOR', 23.0, 55, 12, 1141, 196, 404, 0.485, 29, 108, 0.269, 87, 124, 0.702, 100, 228, 328, 50, 31, 30, 59, 102, 508], [1630173, '2023-24', '00', 1610612761, 'TOR', 24.0, 25, 0, 437, 78, 170, 0.459, 13, 47, 0.277, 24, 42, 0.571, 50, 86, 136, 44, 16, 12, 29, 40, 193], [1630173, '2023-24', '00', 1610612752, 'NYK', 24.0, 49, 18, 1187, 157, 299, 0.525, 13, 50, 0.26, 45, 70, 0.643, 141, 210, 351, 53, 30, 56, 54, 103, 372], [1630173, '2023-24', '00', 0, 'TOT', 24.0, 74, 18, 1624, 235, 469, 0.501, 26, 97, 0.268, 69, 112, 0.616, 191, 296, 487, 97, 46, 68, 83, 143, 565], [1630173, '2024-25', '00', 1610612752, 'NYK', 25.0, 57, 10, 1170, 164, 327, 0.502, 10, 36, 0.278, 41, 69, 0.594, 101, 216, 317, 55, 47, 42, 45, 81, 379]]"
Steven Adams,"['PLAYER_ID', 'SEASON_ID', 'LEAGUE_ID', 'TEAM_ID', 'TEAM_ABBREVIATION', 'PLAYER_AGE', 'GP', 'GS', 'MIN', 'FGM', 'FGA', 'FG_PCT', 'FG3M', 'FG3A', 'FG3_PCT', 'FTM', 'FTA', 'FT_PCT', 'OREB', 'DREB', 'REB', 'AST', 'STL', 'BLK', 'TOV', 'PF', 'PTS']","[[203500, '2013-14', '00', 1610612760, 'OKC', 20.0, 81, 20, 1197, 93, 185, 0.503, 0, 0, 0.0, 79, 136, 0.581, 142, 190, 332, 43, 40, 57, 71, 203, 265], [203500, '2014-15', '00', 1610612760, 'OKC', 21.0, 70, 67, 1771, 217, 399, 0.544, 0, 2, 0.0, 103, 205, 0.502, 199, 324, 523, 66, 38, 86, 99, 222, 537], [203500, '2015-16', '00', 1610612760, 'OKC', 22.0, 80, 80, 2014, 261, 426, 0.613, 0, 0, 0.0, 114, 196, 0.582, 219, 314, 533, 62, 42, 89, 84, 223, 636], [203500, '2016-17', '00', 1610612760, 'OKC', 23.0, 80, 80, 2389, 374, 655, 0.571, 0, 1, 0.0, 157, 257, 0.611, 281, 332, 613, 86, 89, 78, 146, 195, 905], [203500, '2017-18', '00', 1610612760, 'OKC', 24.0, 76, 76, 2487, 448, 712, 0.629, 0, 2, 0.0, 160, 286, 0.559, 384, 301, 685, 88, 92, 78, 128, 215, 1056], [203500, '2018-19', '00', 1610612760, 'OKC', 25.0, 80, 80, 2669, 481, 809, 0.595, 0, 2, 0.0, 146, 292, 0.5, 391, 369, 760, 124, 117, 76, 135, 204, 1108], [203500, '2019-20', '00', 1610612760, 'OKC', 26.0, 63, 63, 1681, 283, 478, 0.592, 1, 3, 0.333, 117, 201, 0.582, 207, 376, 583, 146, 51, 67, 94, 122, 684], [203500, '2020-21', '00', 1610612740, 'NOP', 27.0, 58, 58, 1605, 189, 308, 0.614, 0, 3, 0.0, 60, 135, 0.444, 213, 301, 514, 111, 54, 38, 78, 113, 438], [203500, '2021-22', '00', 1610612763, 'MEM', 28.0, 76, 75, 1999, 210, 384, 0.547, 0, 1, 0.0, 108, 199, 0.543, 349, 411, 760, 256, 65, 60, 115, 153, 528], [203500, '2022-23', '00', 1610612763, 'MEM', 29.0, 42, 42, 1133, 157, 263, 0.597, 0, 1, 0.0, 47, 129, 0.364, 214, 271, 485, 97, 36, 46, 79, 98, 361], [203500, '2024-25', '00', 1610612745, 'HOU', 31.0, 58, 3, 794, 91, 167, 0.545, 0, 2, 0.0, 43, 93, 0.462, 166, 161, 327, 66, 22, 28, 54, 60, 225]]"
Bam Adebayo,"['PLAYER_ID', 'SEASON_ID', 'LEAGUE_ID', 'TEAM_ID', 'TEAM_ABBREVIATION', 'PLAYER_AGE', 'GP', 'GS', 'MIN', 'FGM', 'FGA', 'FG_PCT', 'FG3M', 'FG3A', 'FG3_PCT', 'FTM', 'FTA', 'FT_PCT', 'OREB', 'DREB', 'REB', 'AST', 'STL', 'BLK', 'TOV', 'PF', 'PTS']","[[1628389, '2017-18', '00', 1610612748, 'MIA', 20.0, 69, 19, 1368, 174, 340, 0.512, 0, 7, 0.0, 129, 179, 0.721, 118, 263, 381, 101, 32, 41, 66, 138, 477], [1628389, '2018-19', '00', 1610612748, 'MIA', 21.0, 82, 28, 1913, 280, 486, 0.576, 3, 15, 0.2, 166, 226, 0.735, 165, 432, 597, 184, 71, 65, 121, 203, 729], [1628389, '2019-20', '00', 1610612748, 'MIA', 22.0, 72, 72, 2417, 440, 790, 0.557, 2, 14, 0.143, 264, 382, 0.691, 176, 559, 735, 368, 82, 93, 204, 182, 1146], [1628389, '2020-21', '00', 1610612748, 'MIA', 23.0, 64, 64, 2143, 456, 800, 0.57, 2, 8, 0.25, 283, 354, 0.799, 142, 431, 573, 346, 75, 66, 169, 145, 1197], [1628389, '2021-22', '00', 1610612748, 'MIA', 24.0, 56, 56, 1825, 406, 729, 0.557, 0, 6, 0.0, 256, 340, 0.753, 137, 427, 564, 190, 80, 44, 148, 171, 1068], [1628389, '2022-23', '00', 1610612748, 'MIA', 25.0, 75, 75, 2598, 602, 1114, 0.54, 1, 12, 0.083, 324, 402, 0.806, 184, 504, 688, 240, 88, 61, 187, 208, 1529], [1628389, '2023-24', '00', 1610612748, 'MIA', 26.0, 71, 71, 2416, 530, 1017, 0.521, 15, 42, 0.357, 292, 387, 0.755, 159, 578, 737, 278, 81, 66, 162, 159, 1367], [1628389, '2024-25', '00', 1610612748, 'MIA', 27.0, 78, 78, 2674, 540, 1113, 0.485, 79, 221, 0.357, 251, 328, 0.765, 185, 564, 749, 337, 98, 53, 161, 162, 1410]]"
Ochai Agbaji,"['PLAYER_ID', 'SEASON_ID', 'LEAGUE_ID', 'TEAM_ID', 'TEAM_ABBREVIATION', 'PLAYER_AGE', 'GP', 'GS', 'MIN', 'FGM', 'FGA', 'FG_PCT', 'FG3M', 'FG3A', 'FG3_PCT', 'FTM', 'FTA', 'FT_PCT', 'OREB', 'DREB', 'REB', 'AST', 'STL', 'BLK', 'TOV', 'PF', 'PTS']","[[1630534, '2022-23', '00', 1610612762, 'UTA', 23.0, 59, 22, 1209, 165, 386, 0.427, 81, 228, 0.355, 56, 69, 0.812, 43, 78, 121, 67, 16, 15, 41, 99, 467], [1630534, '2023-24', '00', 1610612762, 'UTA', 24.0, 51, 10, 1003, 106, 249, 0.426, 47, 142, 0.331, 15, 20, 0.75, 35, 91, 126, 47, 27, 29, 34, 66, 274], [1630534, '2023-24', '00', 1610612761, 'TOR', 24.0, 27, 18, 638, 72, 184, 0.391, 15, 69, 0.217, 22, 36, 0.611, 39, 51, 90, 36, 20, 15, 30, 51, 181], [1630534, '2023-24', '00', 0, 'TOT', 24.0, 78, 28, 1642, 178, 433, 0.411, 62, 211, 0.294, 37, 56, 0.661, 74, 142, 216, 83, 47, 44, 64, 117, 455], [1630534, '2024-25', '00', 1610612761, 'TOR', 24.0, 64, 45, 1739, 266, 534, 0.498, 101, 253, 0.399, 34, 48, 0.708, 61, 181, 242, 98, 58, 30, 54, 125, 667]]"
Santi Aldama,"['PLAYER_ID', 'SEASON_ID', 'LEAGUE_ID', 'TEAM_ID', 'TEAM_ABBREVIATION', 'PLAYER_AGE', 'GP', 'GS', 'MIN', 'FGM', 'FGA', 'FG_PCT', 'FG3M', 'FG3A', 'FG3_PCT', 'FTM', 'FTA', 'FT_PCT', 'OREB', 'DREB', 'REB', 'AST', 'STL', 'BLK', 'TOV', 'PF', 'PTS']","[[1630583, '2021-22', '00', 1610612763, 'MEM', 21.0, 32, 0, 360, 53, 132, 0.402, 6, 48, 0.125, 20, 32, 0.625, 33, 54, 87, 21, 6, 10, 16, 36, 132], [1630583, '2022-23', '00', 1610612763, 'MEM', 22.0, 77, 20, 1682, 247, 525, 0.47, 94, 266, 0.353, 108, 144, 0.75, 85, 286, 371, 97, 45, 48, 60, 143, 696], [1630583, '2023-24', '00', 1610612763, 'MEM', 23.0, 61, 35, 1618, 247, 568, 0.435, 106, 304, 0.349, 54, 87, 0.621, 72, 280, 352, 138, 43, 54, 69, 89, 654], [1630583, '2024-25', '00', 1610612763, 'MEM', 24.0, 65, 16, 1660, 313, 648, 0.483, 120, 326, 0.368, 65, 94, 0.691, 94, 322, 416, 188, 52, 29, 71, 76, 811]]"
Trey Alexander,"['PLAYER_ID', 'SEASON_ID', 'LEAGUE_ID', 'TEAM_ID', 'TEAM_ABBREVIATION', 'PLAYER_AGE', 'GP', 'GS', 'MIN', 'FGM', 'FGA', 'FG_PCT', 'FG3M', 'FG3A', 'FG3_PCT', 'FTM', 'FTA', 'FT_PCT', 'OREB', 'DREB', 'REB', 'AST', 'STL', 'BLK', 'TOV', 'PF', 'PTS']","[[1641725, '2024-25', '00', 1610612743, 'DEN', 21.0, 24, 0, 117, 13, 41, 0.317, 3, 17, 0.176, 3, 4, 0.75, 1, 11, 12, 11, 2, 1, 5, 10, 32]]"
Nickeil Alexander-Walker,"['PLAYER_ID', 'SEASON_ID', 'LEAGUE_ID', 'TEAM_ID', 'TEAM_ABBREVIATION', 'PLAYER_AGE', 'GP', 'GS', 'MIN', 'FGM', 'FGA', 'FG_PCT', 'FG3M', 'FG3A', 'FG3_PCT', 'FTM', 'FTA', 'FT_PCT', 'OREB', 'DREB', 'REB', 'AST', 'STL', 'BLK', 'TOV', 'PF', 'PTS']","[[1629638, '2019-20', '00', 1610612740, 'NOP', 21.0, 47, 1, 591.0, 98, 266, 0.368, 46, 133, 0.346, 25, 37, 0.676, 9, 75, 84, 89, 17, 8, 54, 57, 267], [1629638, '2020-21', '00', 1610612740, 'NOP', 22.0, 46, 13, 1007.0, 192, 458, 0.419, 76, 219, 0.347, 48, 66, 0.727, 13, 131, 144, 102, 47, 22, 69, 88, 508], [1629638, '2021-22', '00', 1610612740, 'NOP', 23.0, 50, 19, 1317.0, 237, 632, 0.375, 95, 305, 0.311, 70, 97, 0.722, 36, 128, 164, 139, 41, 19, 85, 88, 639], [1629638, '2021-22', '00', 1610612762, 'UTA', 23.0, 15, 2, 149.0, 16, 48, 0.333, 10, 33, 0.303, 11, 12, 0.917, 1, 22, 23, 17, 5, 4, 8, 15, 53], [1629638, '2021-22', '00', 0, 'TOT', 23.0, 65, 21, 1466.0, 253, 680, 0.372, 105, 338, 0.311, 81, 109, 0.743, 37, 150, 187, 156, 46, 23, 93, 103, 692], [1629638, '2022-23', '00', 1610612762, 'UTA', 24.0, 36, 3, 528.0, 83, 170, 0.488, 35, 87, 0.402, 27, 39, 0.692, 8, 51, 59, 76, 24, 14, 45, 58, 228], [1629638, '2022-23', '00', 1610612750, 'MIN', 24.0, 23, 0, 356.0, 48, 125, 0.384, 26, 72, 0.361, 13, 21, 0.619, 7, 35, 42, 32, 8, 7, 10, 30, 135], [1629638, '2022-23', '00', 0, 'TOT', 24.0, 59, 3, 884.0, 131, 295, 0.444, 61, 159, 0.384, 40, 60, 0.667, 15, 86, 101, 108, 32, 21, 55, 88, 363], [1629638, '2023-24', '00', 1610612750, 'MIN', 25.0, 82, 20, 1921.0, 236, 538, 0.439, 131, 335, 0.391, 52, 65, 0.8, 35, 132, 167, 204, 64, 42, 76, 143, 655], [1629638, '2024-25', '00', 1610612750, 'MIN', 26.0, 82, 10, 2073.0, 270, 616, 0.438, 141, 370, 0.381, 92, 118, 0.78, 54, 211, 265, 223, 50, 34, 99, 139, 773]]"
Grayson Allen,"['PLAYER_ID', 'SEASON_ID', 'LEAGUE_ID', 'TEAM_ID', 'TEAM_ABBREVIATION', 'PLAYER_AGE', 'GP', 'GS', 'MIN', 'FGM', 'FGA', 'FG_PCT', 'FG3M', 'FG3A', 'FG3_PCT', 'FTM', 'FTA', 'FT_PCT', 'OREB', 'DREB', 'REB', 'AST', 'STL', 'BLK', 'TOV', 'PF', 'PTS']","[[1628960, '2018-19', '00', 1610612762, 'UTA', 23.0, 38, 2, 416, 67, 178, 0.376, 32, 99, 0.323, 45, 60, 0.75, 3, 20, 23, 25, 6, 6, 33, 47, 211], [1628960, '2019-20', '00', 1610612763, 'MEM', 24.0, 38, 0, 718, 117, 251, 0.466, 57, 141, 0.404, 39, 45, 0.867, 8, 77, 85, 52, 10, 2, 33, 53, 330], [1628960, '2020-21', '00', 1610612763, 'MEM', 25.0, 50, 38, 1260, 173, 414, 0.418, 107, 274, 0.391, 79, 91, 0.868, 19, 141, 160, 108, 46, 8, 48, 71, 532], [1628960, '2021-22', '00', 1610612749, 'MIL', 26.0, 66, 61, 1805, 255, 569, 0.448, 159, 389, 0.409, 64, 74, 0.865, 32, 190, 222, 100, 46, 18, 43, 96, 733], [1628960, '2022-23', '00', 1610612749, 'MIL', 27.0, 72, 70, 1972, 245, 557, 0.44, 146, 366, 0.399, 114, 126, 0.905, 61, 176, 237, 163, 62, 14, 72, 117, 750], [1628960, '2023-24', '00', 1610612756, 'PHX', 28.0, 75, 74, 2513, 340, 682, 0.499, 205, 445, 0.461, 129, 147, 0.878, 48, 247, 295, 227, 69, 45, 95, 157, 1014], [1628960, '2024-25', '00', 1610612756, 'PHX', 29.0, 64, 7, 1544, 219, 489, 0.448, 149, 350, 0.426, 93, 114, 0.816, 34, 160, 194, 137, 54, 19, 75, 95, 680]]"
Jarrett Allen,"['PLAYER_ID', 'SEASON_ID', 'LEAGUE_ID', 'TEAM_ID', 'TEAM_ABBREVIATION', 'PLAYER_AGE', 'GP', 'GS', 'MIN', 'FGM', 'FGA', 'FG_PCT', 'FG3M', 'FG3A', 'FG3_PCT', 'FTM', 'FTA', 'FT_PCT', 'OREB', 'DREB', 'REB', 'AST', 'STL', 'BLK', 'TOV', 'PF', 'PTS']","[[1628386, '2017-18', '00', 1610612751, 'BKN', 20.0, 72, 31, 1441, 234, 397, 0.589, 5, 15, 0.333, 114, 147, 0.776, 144, 244, 388, 49, 28, 88, 82, 147, 587], [1628386, '2018-19', '00', 1610612751, 'BKN', 21.0, 80, 80, 2096, 335, 568, 0.59, 6, 45, 0.133, 197, 278, 0.709, 191, 481, 672, 110, 43, 120, 103, 184, 873], [1628386, '2019-20', '00', 1610612751, 'BKN', 22.0, 70, 64, 1852, 302, 465, 0.649, 0, 6, 0.0, 171, 270, 0.633, 216, 455, 671, 110, 40, 92, 77, 162, 775], [1628386, '2020-21', '00', 1610612751, 'BKN', 23.0, 12, 5, 320, 44, 65, 0.677, 0, 0, 0.0, 46, 61, 0.754, 38, 87, 125, 20, 7, 19, 22, 21, 134], [1628386, '2020-21', '00', 1610612739, 'CLE', 23.0, 51, 40, 1544, 254, 417, 0.609, 6, 19, 0.316, 158, 229, 0.69, 158, 348, 506, 86, 25, 71, 78, 75, 672], [1628386, '2020-21', '00', 0, 'TOT', 23.0, 63, 45, 1864, 298, 482, 0.618, 6, 19, 0.316, 204, 290, 0.703, 196, 435, 631, 106, 32, 90, 100, 96, 806], [1628386, '2021-22', '00', 1610612739, 'CLE', 24.0, 56, 56, 1810, 369, 545, 0.677, 1, 10, 0.1, 165, 233, 0.708, 192, 410, 602, 92, 44, 75, 94, 97, 904], [1628386, '2022-23', '00', 1610612739, 'CLE', 25.0, 68, 68, 2220, 403, 626, 0.644, 1, 10, 0.1, 162, 221, 0.733, 221, 445, 666, 113, 54, 84, 93, 153, 969], [1628386, '2023-24', '00', 1610612739, 'CLE', 26.0, 77, 77, 2442, 519, 819, 0.634, 0, 6, 0.0, 233, 314, 0.742, 243, 568, 811, 210, 53, 81, 121, 147, 1271], [1628386, '2024-25', '00', 1610612739, 'CLE', 27.0, 82, 82, 2296, 452, 640, 0.706, 0, 5, 0.0, 199, 277, 0.718, 216, 582, 798, 158, 77, 73, 97, 127, 1103]]"
Jose Alvarado,"['PLAYER_ID', 'SEASON_ID', 'LEAGUE_ID', 'TEAM_ID', 'TEAM_ABBREVIATION', 'PLAYER_AGE', 'GP', 'GS', 'MIN', 'FGM', 'FGA', 'FG_PCT', 'FG3M', 'FG3A', 'FG3_PCT', 'FTM', 'FTA', 'FT_PCT', 'OREB', 'DREB', 'REB', 'AST', 'STL', 'BLK', 'TOV', 'PF', 'PTS']","[[1630631, '2021-22', '00', 1610612740, 'NOP', 24.0, 54, 1, 834, 131, 294, 0.446, 32, 110, 0.291, 36, 53, 0.679, 25, 75, 100, 152, 71, 7, 40, 73, 330], [1630631, '2022-23', '00', 1610612740, 'NOP', 25.0, 61, 10, 1310, 201, 489, 0.411, 83, 247, 0.336, 65, 80, 0.813, 28, 113, 141, 186, 67, 10, 81, 125, 550], [1630631, '2023-24', '00', 1610612740, 'NOP', 26.0, 56, 0, 1028, 142, 345, 0.412, 78, 207, 0.377, 35, 52, 0.673, 25, 103, 128, 117, 59, 15, 40, 89, 397], [1630631, '2024-25', '00', 1610612740, 'NOP', 27.0, 56, 23, 1366, 204, 521, 0.392, 111, 309, 0.359, 60, 74, 0.811, 27, 109, 136, 259, 74, 14, 86, 91, 579]]"
Kyle Anderson,"['PLAYER_ID', 'SEASON_ID', 'LEAGUE_ID', 'TEAM_ID', 'TEAM_ABBREVIATION', 'PLAYER_AGE', 'GP', 'GS', 'MIN', 'FGM', 'FGA', 'FG_PCT', 'FG3M', 'FG3A', 'FG3_PCT', 'FTM', 'FTA', 'FT_PCT', 'OREB', 'DREB', 'REB', 'AST', 'STL', 'BLK', 'TOV', 'PF', 'PTS']","[[203937, '2014-15', '00', 1610612759, 'SAS', 21.0, 33, 8, 358, 31, 89, 0.348, 3, 11, 0.273, 9, 14, 0.643, 5, 67, 72, 28, 15, 7, 10, 28, 74], [203937, '2015-16', '00', 1610612759, 'SAS', 22.0, 78, 11, 1245, 138, 295, 0.468, 12, 37, 0.324, 62, 83, 0.747, 25, 219, 244, 123, 60, 29, 59, 97, 350], [203937, '2016-17', '00', 1610612759, 'SAS', 23.0, 72, 14, 1020, 93, 209, 0.445, 15, 40, 0.375, 45, 57, 0.789, 33, 175, 208, 91, 51, 26, 39, 63, 246], [203937, '2017-18', '00', 1610612759, 'SAS', 24.0, 74, 67, 1978, 231, 438, 0.527, 19, 57, 0.333, 104, 146, 0.712, 84, 312, 396, 202, 115, 60, 94, 114, 585], [203937, '2018-19', '00', 1610612763, 'MEM', 25.0, 43, 40, 1282, 150, 276, 0.543, 9, 34, 0.265, 37, 64, 0.578, 48, 203, 251, 128, 54, 37, 58, 112, 346], [203937, '2019-20', '00', 1610612763, 'MEM', 26.0, 67, 28, 1330, 157, 331, 0.474, 24, 85, 0.282, 52, 78, 0.667, 58, 227, 285, 162, 54, 37, 66, 111, 390], [203937, '2020-21', '00', 1610612763, 'MEM', 27.0, 69, 69, 1887, 308, 658, 0.468, 94, 261, 0.36, 144, 184, 0.783, 52, 344, 396, 250, 84, 57, 86, 120, 854], [203937, '2021-22', '00', 1610612763, 'MEM', 28.0, 69, 11, 1484, 209, 469, 0.446, 36, 109, 0.33, 67, 105, 0.638, 69, 299, 368, 183, 77, 45, 71, 108, 521], [203937, '2022-23', '00', 1610612750, 'MIN', 29.0, 69, 46, 1957, 252, 495, 0.509, 43, 105, 0.41, 100, 136, 0.735, 66, 302, 368, 335, 78, 63, 103, 146, 647], [203937, '2023-24', '00', 1610612750, 'MIN', 30.0, 79, 10, 1782, 199, 433, 0.46, 11, 48, 0.229, 97, 137, 0.708, 60, 213, 273, 331, 71, 47, 91, 128, 506], [203937, '2024-25', '00', 1610612744, 'GSW', 31.0, 36, 3, 541, 76, 169, 0.45, 19, 52, 0.365, 18, 27, 0.667, 27, 83, 110, 81, 26, 20, 20, 40, 189], [203937, '2024-25', '00', 1610612748, 'MIA', 31.0, 25, 1, 461, 66, 134, 0.493, 6, 18, 0.333, 30, 38, 0.789, 26, 70, 96, 64, 14, 13, 17, 41, 168], [203937, '2024-25', '00', 0, 'TOT', 31.0, 61, 4, 1002, 142, 303, 0.469, 25, 70, 0.357, 48, 65, 0.738, 53, 153, 206, 145, 40, 33, 37, 81, 357]]"
Giannis Antetokounmpo,"['PLAYER_ID', 'SEASON_ID', 'LEAGUE_ID', 'TEAM_ID', 'TEAM_ABBREVIATION', 'PLAYER_AGE', 'GP', 'GS', 'MIN', 'FGM', 'FGA', 'FG_PCT', 'FG3M', 'FG3A', 'FG3_PCT', 'FTM', 'FTA', 'FT_PCT', 'OREB', 'DREB', 'REB', 'AST', 'STL', 'BLK', 'TOV', 'PF', 'PTS']","[[203507, '2013-14', '00', 1610612749, 'MIL', 19.0, 77, 23, 1897, 173, 418, 0.414, 41, 118, 0.347, 138, 202, 0.683, 78, 261, 339, 150, 60, 61, 122, 173, 525], [203507, '2014-15', '00', 1610612749, 'MIL', 20.0, 81, 71, 2541, 383, 780, 0.491, 7, 44, 0.159, 257, 347, 0.741, 100, 442, 542, 207, 73, 85, 173, 254, 1030], [203507, '2015-16', '00', 1610612749, 'MIL', 21.0, 80, 79, 2823, 513, 1013, 0.506, 28, 109, 0.257, 296, 409, 0.724, 113, 499, 612, 345, 94, 113, 208, 258, 1350], [203507, '2016-17', '00', 1610612749, 'MIL', 22.0, 80, 80, 2845, 656, 1259, 0.521, 49, 180, 0.272, 471, 612, 0.77, 142, 558, 700, 434, 131, 151, 234, 246, 1832], [203507, '2017-18', '00', 1610612749, 'MIL', 23.0, 75, 75, 2756, 742, 1402, 0.529, 43, 140, 0.307, 487, 641, 0.76, 156, 597, 753, 361, 109, 106, 223, 231, 2014], [203507, '2018-19', '00', 1610612749, 'MIL', 24.0, 72, 72, 2358, 721, 1247, 0.578, 52, 203, 0.256, 500, 686, 0.729, 159, 739, 898, 424, 92, 110, 268, 232, 1994], [203507, '2019-20', '00', 1610612749, 'MIL', 25.0, 63, 63, 1917, 685, 1238, 0.553, 89, 293, 0.304, 398, 629, 0.633, 140, 716, 856, 354, 61, 66, 230, 195, 1857], [203507, '2020-21', '00', 1610612749, 'MIL', 26.0, 61, 61, 2013, 626, 1100, 0.569, 67, 221, 0.303, 398, 581, 0.685, 97, 574, 671, 357, 72, 73, 207, 168, 1717], [203507, '2021-22', '00', 1610612749, 'MIL', 27.0, 67, 67, 2204, 689, 1245, 0.553, 71, 242, 0.293, 553, 766, 0.722, 134, 644, 778, 388, 72, 91, 219, 212, 2002], [203507, '2022-23', '00', 1610612749, 'MIL', 28.0, 63, 63, 2024, 707, 1278, 0.553, 47, 171, 0.275, 498, 772, 0.645, 137, 605, 742, 359, 52, 51, 246, 197, 1959], [203507, '2023-24', '00', 1610612749, 'MIL', 29.0, 73, 73, 2567, 837, 1369, 0.611, 34, 124, 0.274, 514, 782, 0.657, 196, 645, 841, 476, 87, 79, 250, 210, 2222], [203507, '2024-25', '00', 1610612749, 'MIL', 30.0, 67, 67, 2289, 793, 1319, 0.601, 14, 63, 0.222, 436, 707, 0.617, 147, 651, 798, 433, 58, 78, 206, 155, 2036]]"
Cole Anthony,"['PLAYER_ID', 'SEASON_ID', 'LEAGUE_ID', 'TEAM_ID', 'TEAM_ABBREVIATION', 'PLAYER_AGE', 'GP', 'GS', 'MIN', 'FGM', 'FGA', 'FG_PCT', 'FG3M', 'FG3A', 'FG3_PCT', 'FTM', 'FTA', 'FT_PCT', 'OREB', 'DREB', 'REB', 'AST', 'STL', 'BLK', 'TOV', 'PF', 'PTS']","[[1630175, '2020-21', '00', 1610612753, 'ORL', 21.0, 47, 34, 1273, 219, 552, 0.397, 58, 172, 0.337, 109, 131, 0.832, 38, 183, 221, 192, 30, 18, 106, 98, 605], [1630175, '2021-22', '00', 1610612753, 'ORL', 22.0, 65, 65, 2059, 357, 912, 0.391, 132, 391, 0.338, 216, 253, 0.854, 32, 316, 348, 369, 46, 17, 170, 171, 1062], [1630175, '2022-23', '00', 1610612753, 'ORL', 23.0, 60, 4, 1552, 277, 610, 0.454, 75, 206, 0.364, 152, 170, 0.894, 47, 241, 288, 235, 37, 31, 91, 158, 781], [1630175, '2023-24', '00', 1610612753, 'ORL', 24.0, 81, 0, 1817, 332, 763, 0.435, 93, 275, 0.338, 180, 218, 0.826, 64, 247, 311, 236, 64, 37, 126, 175, 937], [1630175, '2024-25', '00', 1610612753, 'ORL', 24.0, 67, 22, 1234, 230, 543, 0.424, 77, 218, 0.353, 93, 113, 0.823, 46, 158, 204, 191, 45, 32, 103, 151, 630]]"
OG Anunoby,"['PLAYER_ID', 'SEASON_ID', 'LEAGUE_ID', 'TEAM_ID', 'TEAM_ABBREVIATION', 'PLAYER_AGE', 'GP', 'GS', 'MIN', 'FGM', 'FGA', 'FG_PCT', 'FG3M', 'FG3A', 'FG3_PCT', 'FTM', 'FTA', 'FT_PCT', 'OREB', 'DREB', 'REB', 'AST', 'STL', 'BLK', 'TOV', 'PF', 'PTS']","[[1628384, '2017-18', '00', 1610612761, 'TOR', 20.0, 74, 62, 1481, 163, 346, 0.471, 73, 197, 0.371, 39, 62, 0.629, 44, 140, 184, 55, 52, 14, 45, 130, 438], [1628384, '2018-19', '00', 1610612761, 'TOR', 21.0, 67, 6, 1352, 183, 404, 0.453, 67, 202, 0.332, 36, 62, 0.581, 58, 139, 197, 47, 46, 22, 55, 140, 469], [1628384, '2019-20', '00', 1610612761, 'TOR', 22.0, 69, 68, 2066, 286, 566, 0.505, 89, 228, 0.39, 72, 102, 0.706, 80, 284, 364, 108, 96, 45, 79, 167, 733], [1628384, '2020-21', '00', 1610612761, 'TOR', 23.0, 43, 43, 1433, 249, 519, 0.48, 104, 261, 0.398, 80, 102, 0.784, 54, 183, 237, 94, 66, 32, 75, 114, 682], [1628384, '2021-22', '00', 1610612761, 'TOR', 24.0, 48, 48, 1728, 309, 697, 0.443, 115, 317, 0.363, 89, 118, 0.754, 74, 190, 264, 125, 71, 25, 80, 131, 822], [1628384, '2022-23', '00', 1610612761, 'TOR', 25.0, 67, 67, 2386, 421, 885, 0.476, 142, 367, 0.387, 140, 167, 0.838, 95, 237, 332, 131, 128, 50, 132, 200, 1124], [1628384, '2023-24', '00', 1610612761, 'TOR', 26.0, 27, 27, 900, 157, 321, 0.489, 61, 163, 0.374, 33, 46, 0.717, 24, 82, 106, 72, 28, 13, 43, 62, 408], [1628384, '2023-24', '00', 1610612752, 'NYK', 26.0, 23, 23, 802, 125, 256, 0.488, 41, 104, 0.394, 34, 43, 0.791, 23, 79, 102, 35, 40, 23, 38, 57, 325], [1628384, '2023-24', '00', 0, 'TOT', 26.0, 50, 50, 1702, 282, 577, 0.489, 102, 267, 0.382, 67, 89, 0.753, 47, 161, 208, 107, 68, 36, 81, 119, 733], [1628384, '2024-25', '00', 1610612752, 'NYK', 27.0, 74, 74, 2706, 489, 1027, 0.476, 171, 460, 0.372, 183, 226, 0.81, 97, 261, 358, 164, 110, 65, 102, 172, 1332]]"
Taran Armstrong,"['PLAYER_ID', 'SEASON_ID', 'LEAGUE_ID', 'TEAM_ID', 'TEAM_ABBREVIATION', 'PLAYER_AGE', 'GP', 'GS', 'MIN', 'FGM', 'FGA', 'FG_PCT', 'FG3M', 'FG3A', 'FG3_PCT', 'FTM', 'FTA', 'FT_PCT', 'OREB', 'DREB', 'REB', 'AST', 'STL', 'BLK', 'TOV', 'PF', 'PTS']",[]
Deni Avdija,"['PLAYER_ID', 'SEASON_ID', 'LEAGUE_ID', 'TEAM_ID', 'TEAM_ABBREVIATION', 'PLAYER_AGE', 'GP', 'GS', 'MIN', 'FGM', 'FGA', 'FG_PCT', 'FG3M', 'FG3A', 'FG3_PCT', 'FTM', 'FTA', 'FT_PCT', 'OREB', 'DREB', 'REB', 'AST', 'STL', 'BLK', 'TOV', 'PF', 'PTS']","[[1630166, '2020-21', '00', 1610612764, 'WAS', 20.0, 54, 32, 1257, 130, 312, 0.417, 53, 168, 0.315, 29, 45, 0.644, 22, 240, 262, 63, 32, 15, 33, 140, 342], [1630166, '2021-22', '00', 1610612764, 'WAS', 21.0, 82, 8, 1984, 250, 579, 0.432, 82, 259, 0.317, 103, 136, 0.757, 52, 373, 425, 167, 59, 44, 87, 190, 685], [1630166, '2022-23', '00', 1610612764, 'WAS', 22.0, 76, 40, 2020, 253, 579, 0.437, 69, 232, 0.297, 122, 165, 0.739, 74, 413, 487, 211, 65, 29, 123, 209, 697], [1630166, '2023-24', '00', 1610612764, 'WAS', 23.0, 75, 75, 2257, 406, 803, 0.506, 88, 235, 0.374, 202, 273, 0.74, 84, 456, 540, 286, 60, 36, 160, 185, 1102], [1630166, '2024-25', '00', 1610612757, 'POR', 24.0, 72, 54, 2161, 402, 844, 0.476, 125, 342, 0.365, 290, 372, 0.78, 110, 412, 522, 281, 71, 35, 196, 171, 1219]]"
Deandre Ayton,"['PLAYER_ID', 'SEASON_ID', 'LEAGUE_ID', 'TEAM_ID', 'TEAM_ABBREVIATION', 'PLAYER_AGE', 'GP', 'GS', 'MIN', 'FGM', 'FGA', 'FG_PCT', 'FG3M', 'FG3A', 'FG3_PCT', 'FTM', 'FTA', 'FT_PCT', 'OREB', 'DREB', 'REB', 'AST', 'STL', 'BLK', 'TOV', 'PF', 'PTS']","[[1629028, '2018-19', '00', 1610612756, 'PHX', 20.0, 71, 70, 2183, 509, 870, 0.585, 0, 4, 0.0, 141, 189, 0.746, 223, 506, 729, 125, 61, 67, 126, 209, 1159], [1629028, '2019-20', '00', 1610612756, 'PHX', 21.0, 38, 32, 1236, 310, 568, 0.546, 3, 13, 0.231, 67, 89, 0.753, 147, 289, 436, 72, 26, 58, 80, 117, 690], [1629028, '2020-21', '00', 1610612756, 'PHX', 22.0, 69, 69, 2115, 430, 687, 0.626, 4, 20, 0.2, 133, 173, 0.769, 228, 499, 727, 99, 41, 81, 103, 196, 997], [1629028, '2021-22', '00', 1610612756, 'PHX', 23.0, 58, 58, 1713, 442, 697, 0.634, 7, 19, 0.368, 106, 142, 0.746, 149, 444, 593, 84, 40, 40, 91, 142, 997], [1629028, '2022-23', '00', 1610612756, 'PHX', 24.0, 67, 67, 2035, 522, 887, 0.589, 7, 24, 0.292, 152, 200, 0.76, 172, 495, 667, 115, 37, 53, 120, 190, 1203], [1629028, '2023-24', '00', 1610612757, 'POR', 25.0, 55, 55, 1783, 427, 749, 0.57, 1, 10, 0.1, 65, 79, 0.823, 176, 433, 609, 90, 56, 42, 99, 109, 920], [1629028, '2024-25', '00', 1610612757, 'POR', 26.0, 40, 40, 1206, 265, 468, 0.566, 6, 32, 0.188, 40, 60, 0.667, 124, 282, 406, 64, 31, 39, 69, 88, 576]]"
Marcus Bagley,"['PLAYER_ID', 'SEASON_ID', 'LEAGUE_ID', 'TEAM_ID', 'TEAM_ABBREVIATION', 'PLAYER_AGE', 'GP', 'GS', 'MIN', 'FGM', 'FGA', 'FG_PCT', 'FG3M', 'FG3A', 'FG3_PCT', 'FTM', 'FTA', 'FT_PCT', 'OREB', 'DREB', 'REB', 'AST', 'STL', 'BLK', 'TOV', 'PF', 'PTS']","[[1630542, '2024-25', '00', 1610612755, 'PHI', 23.0, 10, 4, 253, 27, 69, 0.391, 5, 32, 0.156, 8, 10, 0.8, 23, 47, 70, 10, 9, 12, 7, 16, 67]]"
Marvin Bagley III,"['PLAYER_ID', 'SEASON_ID', 'LEAGUE_ID', 'TEAM_ID', 'TEAM_ABBREVIATION', 'PLAYER_AGE', 'GP', 'GS', 'MIN', 'FGM', 'FGA', 'FG_PCT', 'FG3M', 'FG3A', 'FG3_PCT', 'FTM', 'FTA', 'FT_PCT', 'OREB', 'DREB', 'REB', 'AST', 'STL', 'BLK', 'TOV', 'PF', 'PTS']","[[1628963, '2018-19', '00', 1610612758, 'SAC', 20.0, 62, 4, 1568, 356, 706, 0.504, 30, 96, 0.313, 181, 262, 0.691, 162, 309, 471, 62, 33, 59, 98, 120, 923], [1628963, '2019-20', '00', 1610612758, 'SAC', 21.0, 13, 6, 334, 78, 167, 0.467, 4, 22, 0.182, 25, 31, 0.806, 29, 68, 97, 10, 6, 12, 18, 43, 185], [1628963, '2020-21', '00', 1610612758, 'SAC', 22.0, 43, 42, 1112, 247, 490, 0.504, 37, 108, 0.343, 77, 134, 0.575, 106, 212, 318, 43, 21, 21, 59, 100, 608], [1628963, '2021-22', '00', 1610612758, 'SAC', 23.0, 30, 17, 656, 114, 246, 0.463, 15, 62, 0.242, 35, 47, 0.745, 67, 148, 215, 17, 9, 11, 21, 50, 278], [1628963, '2021-22', '00', 1610612765, 'DET', 23.0, 18, 8, 490, 111, 200, 0.555, 8, 35, 0.229, 32, 54, 0.593, 38, 85, 123, 19, 13, 7, 18, 43, 262], [1628963, '2021-22', '00', 0, 'TOT', 23.0, 48, 25, 1146, 225, 446, 0.504, 23, 97, 0.237, 67, 101, 0.663, 105, 233, 338, 36, 22, 18, 39, 93, 540], [1628963, '2022-23', '00', 1610612765, 'DET', 24.0, 42, 25, 990, 202, 382, 0.529, 19, 66, 0.288, 81, 108, 0.75, 94, 175, 269, 36, 19, 30, 46, 81, 504], [1628963, '2023-24', '00', 1610612765, 'DET', 25.0, 26, 10, 478, 107, 181, 0.591, 1, 6, 0.167, 50, 61, 0.82, 46, 72, 118, 27, 5, 14, 29, 40, 265], [1628963, '2023-24', '00', 1610612764, 'WAS', 25.0, 24, 15, 575, 132, 227, 0.581, 8, 17, 0.471, 46, 65, 0.708, 84, 110, 194, 28, 15, 19, 30, 41, 318], [1628963, '2023-24', '00', 0, 'TOT', 25.0, 50, 25, 1053, 239, 408, 0.586, 9, 23, 0.391, 96, 126, 0.762, 130, 182, 312, 55, 20, 33, 59, 81, 583], [1628963, '2024-25', '00', 1610612764, 'WAS', 26.0, 19, 1, 167, 38, 71, 0.535, 2, 10, 0.2, 15, 23, 0.652, 27, 29, 56, 7, 7, 5, 11, 12, 93], [1628963, '2024-25', '00', 1610612763, 'MEM', 26.0, 12, 1, 99, 17, 35, 0.486, 1, 9, 0.111, 8, 12, 0.667, 11, 17, 28, 4, 2, 3, 1, 6, 43], [1628963, '2024-25', '00', 0, 'TOT', 26.0, 31, 2, 265, 55, 106, 0.519, 3, 19, 0.158, 23, 35, 0.657, 38, 46, 84, 11, 9, 8, 12, 18, 136]]"
Patrick Baldwin Jr.,"['PLAYER_ID', 'SEASON_ID', 'LEAGUE_ID', 'TEAM_ID', 'TEAM_ABBREVIATION', 'PLAYER_AGE', 'GP', 'GS', 'MIN', 'FGM', 'FGA', 'FG_PCT', 'FG3M', 'FG3A', 'FG3_PCT', 'FTM', 'FTA', 'FT_PCT', 'OREB', 'DREB', 'REB', 'AST', 'STL', 'BLK', 'TOV', 'PF', 'PTS']","[[1631116, '2022-23', '00', 1610612744, 'GSW', 20.0, 31, 0, 226, 43, 109, 0.394, 32, 84, 0.381, 4, 6, 0.667, 1, 39, 40, 11, 6, 4, 11, 14, 122], [1631116, '2023-24', '00', 1610612764, 'WAS', 21.0, 38, 7, 494, 59, 155, 0.381, 31, 97, 0.32, 19, 28, 0.679, 17, 106, 123, 29, 18, 15, 19, 56, 168], [1631116, '2024-25', '00', 1610612764, 'WAS', 22.0, 22, 0, 101, 17, 33, 0.515, 11, 21, 0.524, 2, 4, 0.5, 5, 17, 22, 2, 3, 2, 5, 5, 47], [1631116, '2024-25', '00', 1610612746, 'LAC', 22.0, 2, 0, 6, 2, 2, 1.0, 2, 2, 1.0, 0, 0, 0.0, 0, 3, 3, 1, 0, 0, 0, 2, 6], [1631116, '2024-25', '00', 0, 'TOT', 22.0, 24, 0, 107, 19, 35, 0.543, 13, 23, 0.565, 2, 4, 0.5, 5, 20, 25, 3, 3, 2, 5, 7, 53]]"
LaMelo Ball,"['PLAYER_ID', 'SEASON_ID', 'LEAGUE_ID', 'TEAM_ID', 'TEAM_ABBREVIATION', 'PLAYER_AGE', 'GP', 'GS', 'MIN', 'FGM', 'FGA', 'FG_PCT', 'FG3M', 'FG3A', 'FG3_PCT', 'FTM', 'FTA', 'FT_PCT', 'OREB', 'DREB', 'REB', 'AST', 'STL', 'BLK', 'TOV', 'PF', 'PTS']","[[1630163, '2020-21', '00', 1610612766, 'CHA', 19.0, 51, 31, 1469, 293, 672, 0.436, 92, 261, 0.352, 125, 165, 0.758, 63, 239, 302, 313, 81, 18, 145, 136, 803], [1630163, '2021-22', '00', 1610612766, 'CHA', 20.0, 75, 75, 2422, 538, 1254, 0.429, 220, 565, 0.389, 212, 243, 0.872, 108, 393, 501, 571, 119, 30, 245, 237, 1508], [1630163, '2022-23', '00', 1610612766, 'CHA', 21.0, 36, 36, 1268, 296, 721, 0.411, 144, 383, 0.376, 102, 122, 0.836, 42, 189, 231, 304, 46, 11, 129, 118, 838], [1630163, '2023-24', '00', 1610612766, 'CHA', 22.0, 22, 22, 711, 183, 423, 0.433, 70, 197, 0.355, 90, 104, 0.865, 29, 84, 113, 176, 40, 4, 83, 79, 526], [1630163, '2024-25', '00', 1610612766, 'CHA', 23.0, 47, 47, 1505, 406, 1003, 0.405, 179, 528, 0.339, 193, 229, 0.843, 47, 185, 232, 346, 54, 13, 167, 157, 1184]]"
Lonzo Ball,"['PLAYER_ID', 'SEASON_ID', 'LEAGUE_ID', 'TEAM_ID', 'TEAM_ABBREVIATION', 'PLAYER_AGE', 'GP', 'GS', 'MIN', 'FGM', 'FGA', 'FG_PCT', 'FG3M', 'FG3A', 'FG3_PCT', 'FTM', 'FTA', 'FT_PCT', 'OREB', 'DREB', 'REB', 'AST', 'STL', 'BLK', 'TOV', 'PF', 'PTS']","[[1628366, '2017-18', '00', 1610612747, 'LAL', 20.0, 52, 50, 1780, 203, 564, 0.36, 90, 295, 0.305, 32, 71, 0.451, 69, 291, 360, 376, 88, 43, 136, 117, 528], [1628366, '2018-19', '00', 1610612747, 'LAL', 21.0, 47, 45, 1423, 185, 456, 0.406, 75, 228, 0.329, 20, 48, 0.417, 54, 197, 251, 255, 69, 19, 103, 114, 465], [1628366, '2019-20', '00', 1610612740, 'NOP', 22.0, 63, 54, 2025, 277, 687, 0.403, 148, 395, 0.375, 43, 76, 0.566, 71, 312, 383, 438, 88, 38, 193, 128, 745], [1628366, '2020-21', '00', 1610612740, 'NOP', 23.0, 55, 55, 1747, 290, 700, 0.414, 172, 455, 0.378, 50, 64, 0.781, 33, 230, 263, 316, 82, 31, 123, 103, 802], [1628366, '2021-22', '00', 1610612741, 'CHI', 24.0, 35, 35, 1212, 162, 383, 0.423, 110, 260, 0.423, 21, 28, 0.75, 35, 155, 190, 178, 64, 31, 82, 85, 455], [1628366, '2024-25', '00', 1610612741, 'CHI', 27.0, 35, 14, 777, 89, 243, 0.366, 67, 195, 0.344, 22, 27, 0.815, 25, 93, 118, 115, 47, 17, 41, 55, 267]]"
Mo Bamba,"['PLAYER_ID', 'SEASON_ID', 'LEAGUE_ID', 'TEAM_ID', 'TEAM_ABBREVIATION', 'PLAYER_AGE', 'GP', 'GS', 'MIN', 'FGM', 'FGA', 'FG_PCT', 'FG3M', 'FG3A', 'FG3_PCT', 'FTM', 'FTA', 'FT_PCT', 'OREB', 'DREB', 'REB', 'AST', 'STL', 'BLK', 'TOV', 'PF', 'PTS']","[[1628964, '2018-19', '00', 1610612753, 'ORL', 21.0, 47, 1, 766, 117, 243, 0.481, 21, 70, 0.3, 37, 63, 0.587, 64, 169, 233, 39, 13, 64, 43, 102, 292], [1628964, '2019-20', '00', 1610612753, 'ORL', 22.0, 62, 0, 878, 132, 286, 0.462, 37, 107, 0.346, 31, 46, 0.674, 100, 202, 302, 42, 23, 86, 42, 116, 332], [1628964, '2020-21', '00', 1610612753, 'ORL', 23.0, 46, 5, 725, 142, 301, 0.472, 38, 118, 0.322, 45, 66, 0.682, 76, 189, 265, 35, 14, 58, 36, 87, 367], [1628964, '2021-22', '00', 1610612753, 'ORL', 24.0, 71, 69, 1824, 296, 617, 0.48, 107, 281, 0.381, 57, 73, 0.781, 148, 424, 572, 85, 38, 118, 77, 182, 756], [1628964, '2022-23', '00', 1610612753, 'ORL', 25.0, 40, 6, 681, 106, 214, 0.495, 43, 108, 0.398, 35, 51, 0.686, 47, 137, 184, 42, 12, 38, 22, 86, 290], [1628964, '2022-23', '00', 1610612747, 'LAL', 25.0, 9, 1, 88, 11, 27, 0.407, 5, 16, 0.313, 6, 11, 0.545, 11, 30, 41, 4, 1, 5, 8, 19, 33], [1628964, '2022-23', '00', 0, 'TOT', 25.0, 49, 7, 768, 117, 241, 0.485, 48, 124, 0.387, 41, 62, 0.661, 58, 167, 225, 46, 13, 43, 30, 105, 323], [1628964, '2023-24', '00', 1610612755, 'PHI', 26.0, 57, 17, 740, 97, 198, 0.49, 25, 64, 0.391, 34, 50, 0.68, 77, 161, 238, 41, 22, 60, 39, 101, 253], [1628964, '2024-25', '00', 1610612746, 'LAC', 26.0, 28, 2, 352, 48, 103, 0.466, 15, 50, 0.3, 17, 25, 0.68, 26, 94, 120, 16, 9, 28, 19, 49, 128], [1628964, '2024-25', '00', 1610612740, 'NOP', 26.0, 4, 0, 61, 4, 9, 0.444, 0, 4, 0.0, 2, 2, 1.0, 6, 19, 25, 2, 0, 3, 1, 7, 10], [1628964, '2024-25', '00', 0, 'TOT', 26.0, 32, 2, 413, 52, 112, 0.464, 15, 54, 0.278, 19, 27, 0.704, 32, 113, 145, 18, 9, 31, 20, 56, 138]]"
Paolo Banchero,"['PLAYER_ID', 'SEASON_ID', 'LEAGUE_ID', 'TEAM_ID', 'TEAM_ABBREVIATION', 'PLAYER_AGE', 'GP', 'GS', 'MIN', 'FGM', 'FGA', 'FG_PCT', 'FG3M', 'FG3A', 'FG3_PCT', 'FTM', 'FTA', 'FT_PCT', 'OREB', 'DREB', 'REB', 'AST', 'STL', 'BLK', 'TOV', 'PF', 'PTS']","[[1631094, '2022-23', '00', 1610612753, 'ORL', 20.0, 72, 72, 2430, 479, 1122, 0.427, 85, 285, 0.298, 394, 534, 0.738, 84, 413, 497, 269, 60, 39, 200, 160, 1437], [1631094, '2023-24', '00', 1610612753, 'ORL', 21.0, 80, 80, 2799, 640, 1407, 0.455, 119, 351, 0.339, 405, 559, 0.725, 82, 472, 554, 431, 71, 47, 247, 153, 1804], [1631094, '2024-25', '00', 1610612753, 'ORL', 22.0, 46, 46, 1582, 412, 911, 0.452, 87, 272, 0.32, 280, 385, 0.727, 51, 294, 345, 219, 36, 28, 136, 97, 1191]]"
Desmond Bane,"['PLAYER_ID', 'SEASON_ID', 'LEAGUE_ID', 'TEAM_ID', 'TEAM_ABBREVIATION', 'PLAYER_AGE', 'GP', 'GS', 'MIN', 'FGM', 'FGA', 'FG_PCT', 'FG3M', 'FG3A', 'FG3_PCT', 'FTM', 'FTA', 'FT_PCT', 'OREB', 'DREB', 'REB', 'AST', 'STL', 'BLK', 'TOV', 'PF', 'PTS']","[[1630217, '2020-21', '00', 1610612763, 'MEM', 23.0, 68, 17, 1519, 234, 499, 0.469, 117, 271, 0.432, 40, 49, 0.816, 31, 179, 210, 118, 41, 16, 59, 125, 625], [1630217, '2021-22', '00', 1610612763, 'MEM', 24.0, 76, 76, 2266, 508, 1101, 0.461, 228, 523, 0.436, 140, 155, 0.903, 46, 288, 334, 208, 92, 29, 111, 196, 1384], [1630217, '2022-23', '00', 1610612763, 'MEM', 25.0, 58, 58, 1841, 450, 939, 0.479, 166, 407, 0.408, 181, 205, 0.883, 43, 248, 291, 254, 56, 22, 126, 150, 1247], [1630217, '2023-24', '00', 1610612763, 'MEM', 26.0, 42, 42, 1443, 360, 776, 0.464, 137, 360, 0.381, 140, 161, 0.87, 36, 149, 185, 230, 43, 22, 112, 120, 997], [1630217, '2024-25', '00', 1610612763, 'MEM', 26.0, 69, 68, 2205, 493, 1018, 0.484, 164, 418, 0.392, 177, 198, 0.894, 62, 356, 418, 369, 80, 28, 169, 164, 1327]]"
Dalano Banton,"['PLAYER_ID', 'SEASON_ID', 'LEAGUE_ID', 'TEAM_ID', 'TEAM_ABBREVIATION', 'PLAYER_AGE', 'GP', 'GS', 'MIN', 'FGM', 'FGA', 'FG_PCT', 'FG3M', 'FG3A', 'FG3_PCT', 'FTM', 'FTA', 'FT_PCT', 'OREB', 'DREB', 'REB', 'AST', 'STL', 'BLK', 'TOV', 'PF', 'PTS']","[[1630625, '2021-22', '00', 1610612761, 'TOR', 22.0, 64, 1, 696, 83, 202, 0.411, 13, 51, 0.255, 26, 44, 0.591, 38, 86, 124, 99, 28, 10, 53, 68, 205], [1630625, '2022-23', '00', 1610612761, 'TOR', 23.0, 31, 2, 279, 55, 130, 0.423, 15, 51, 0.294, 17, 24, 0.708, 11, 34, 45, 36, 13, 13, 18, 34, 142], [1630625, '2023-24', '00', 1610612738, 'BOS', 24.0, 24, 1, 171, 19, 51, 0.373, 2, 16, 0.125, 16, 20, 0.8, 12, 23, 35, 19, 5, 3, 10, 20, 56], [1630625, '2023-24', '00', 1610612757, 'POR', 24.0, 30, 8, 876, 183, 449, 0.408, 57, 183, 0.311, 78, 100, 0.78, 29, 114, 143, 108, 28, 17, 67, 44, 501], [1630625, '2023-24', '00', 0, 'TOT', 24.0, 54, 9, 1047, 202, 500, 0.404, 59, 199, 0.296, 94, 120, 0.783, 41, 137, 178, 127, 33, 20, 77, 64, 557], [1630625, '2024-25', '00', 1610612757, 'POR', 25.0, 67, 7, 1120, 198, 507, 0.391, 72, 222, 0.324, 91, 125, 0.728, 30, 105, 135, 160, 43, 34, 86, 58, 559]]"
Dominick Barlow,"['PLAYER_ID', 'SEASON_ID', 'LEAGUE_ID', 'TEAM_ID', 'TEAM_ABBREVIATION', 'PLAYER_AGE', 'GP', 'GS', 'MIN', 'FGM', 'FGA', 'FG_PCT', 'FG3M', 'FG3A', 'FG3_PCT', 'FTM', 'FTA', 'FT_PCT', 'OREB', 'DREB', 'REB', 'AST', 'STL', 'BLK', 'TOV', 'PF', 'PTS']","[[1631230, '2022-23', '00', 1610612759, 'SAS', 20.0, 28, 0, 408, 46, 86, 0.535, 0, 4, 0.0, 18, 25, 0.72, 46, 56, 102, 24, 10, 19, 15, 56, 110], [1631230, '2023-24', '00', 1610612759, 'SAS', 21.0, 33, 1, 420, 56, 113, 0.496, 3, 9, 0.333, 29, 42, 0.69, 45, 68, 113, 36, 12, 14, 9, 47, 144], [1631230, '2024-25', '00', 1610612737, 'ATL', 21.0, 35, 4, 375, 60, 113, 0.531, 7, 27, 0.259, 21, 33, 0.636, 35, 50, 85, 19, 9, 16, 5, 47, 148]]"
Harrison Barnes,"['PLAYER_ID', 'SEASON_ID', 'LEAGUE_ID', 'TEAM_ID', 'TEAM_ABBREVIATION', 'PLAYER_AGE', 'GP', 'GS', 'MIN', 'FGM', 'FGA', 'FG_PCT', 'FG3M', 'FG3A', 'FG3_PCT', 'FTM', 'FTA', 'FT_PCT', 'OREB', 'DREB', 'REB', 'AST', 'STL', 'BLK', 'TOV', 'PF', 'PTS']","[[203084, '2012-13', '00', 1610612744, 'GSW', 21.0, 81, 81, 2058, 276, 628, 0.439, 52, 145, 0.359, 144, 190, 0.758, 53, 280, 333, 98, 52, 14, 101, 140, 748], [203084, '2013-14', '00', 1610612744, 'GSW', 22.0, 78, 24, 2204, 271, 679, 0.399, 66, 190, 0.347, 130, 181, 0.718, 66, 245, 311, 116, 65, 20, 84, 158, 738], [203084, '2014-15', '00', 1610612744, 'GSW', 23.0, 82, 82, 2318, 316, 656, 0.482, 87, 215, 0.405, 108, 150, 0.72, 117, 336, 453, 116, 61, 19, 71, 146, 827], [203084, '2015-16', '00', 1610612744, 'GSW', 24.0, 66, 59, 2042, 295, 633, 0.466, 82, 214, 0.383, 102, 134, 0.761, 77, 248, 325, 117, 41, 10, 57, 136, 774], [203084, '2016-17', '00', 1610612742, 'DAL', 25.0, 79, 79, 2804, 599, 1280, 0.468, 78, 222, 0.351, 242, 281, 0.861, 93, 301, 394, 116, 65, 15, 102, 128, 1518], [203084, '2017-18', '00', 1610612742, 'DAL', 26.0, 77, 77, 2634, 537, 1208, 0.445, 119, 333, 0.357, 259, 313, 0.827, 77, 391, 468, 152, 49, 14, 118, 94, 1452], [203084, '2018-19', '00', 1610612742, 'DAL', 27.0, 49, 49, 1584, 290, 717, 0.404, 121, 311, 0.389, 165, 198, 0.833, 36, 171, 207, 62, 33, 11, 68, 79, 866], [203084, '2018-19', '00', 1610612758, 'SAC', 27.0, 28, 28, 949, 141, 310, 0.455, 53, 130, 0.408, 64, 80, 0.8, 21, 133, 154, 53, 17, 2, 30, 43, 399], [203084, '2018-19', '00', 0, 'TOT', 27.0, 77, 77, 2533, 431, 1027, 0.42, 174, 441, 0.395, 229, 278, 0.824, 57, 304, 361, 115, 50, 13, 98, 122, 1265], [203084, '2019-20', '00', 1610612758, 'SAC', 28.0, 72, 72, 2482, 365, 793, 0.46, 102, 268, 0.381, 214, 267, 0.801, 77, 278, 355, 159, 43, 12, 88, 93, 1046], [203084, '2020-21', '00', 1610612758, 'SAC', 29.0, 58, 58, 2102, 319, 642, 0.497, 100, 256, 0.391, 195, 235, 0.83, 64, 321, 385, 201, 43, 11, 93, 75, 933], [203084, '2021-22', '00', 1610612758, 'SAC', 30.0, 77, 77, 2587, 391, 834, 0.469, 142, 360, 0.394, 341, 413, 0.826, 82, 350, 432, 186, 53, 14, 118, 94, 1265], [203084, '2022-23', '00', 1610612758, 'SAC', 31.0, 82, 82, 2662, 374, 791, 0.473, 132, 353, 0.374, 350, 413, 0.847, 87, 279, 366, 128, 57, 10, 86, 103, 1230], [203084, '2023-24', '00', 1610612758, 'SAC', 32.0, 82, 82, 2381, 347, 732, 0.474, 149, 385, 0.387, 157, 196, 0.801, 67, 182, 249, 99, 54, 12, 58, 98, 1000], [203084, '2024-25', '00', 1610612759, 'SAS', 32.0, 82, 82, 2230, 347, 683, 0.508, 156, 360, 0.433, 161, 199, 0.809, 97, 213, 310, 136, 39, 14, 50, 75, 1011]]"
Scottie Barnes,"['PLAYER_ID', 'SEASON_ID', 'LEAGUE_ID', 'TEAM_ID', 'TEAM_ABBREVIATION', 'PLAYER_AGE', 'GP', 'GS', 'MIN', 'FGM', 'FGA', 'FG_PCT', 'FG3M', 'FG3A', 'FG3_PCT', 'FTM', 'FTA', 'FT_PCT', 'OREB', 'DREB', 'REB', 'AST', 'STL', 'BLK', 'TOV', 'PF', 'PTS']","[[1630567, '2021-22', '00', 1610612761, 'TOR', 20.0, 74, 74, 2617, 459, 932, 0.492, 58, 193, 0.301, 158, 215, 0.735, 195, 362, 557, 256, 80, 55, 136, 192, 1134], [1630567, '2022-23', '00', 1610612761, 'TOR', 21.0, 77, 76, 2678, 463, 1016, 0.456, 63, 224, 0.281, 190, 246, 0.772, 179, 333, 512, 371, 83, 61, 154, 170, 1179], [1630567, '2023-24', '00', 1610612761, 'TOR', 22.0, 60, 60, 2094, 447, 942, 0.475, 101, 296, 0.341, 196, 251, 0.781, 141, 353, 494, 363, 75, 88, 165, 118, 1191], [1630567, '2024-25', '00', 1610612761, 'TOR', 23.0, 65, 65, 2134, 474, 1063, 0.446, 76, 280, 0.271, 228, 302, 0.755, 109, 393, 502, 378, 93, 63, 185, 113, 1252]]"
RJ Barrett,"['PLAYER_ID', 'SEASON_ID', 'LEAGUE_ID', 'TEAM_ID', 'TEAM_ABBREVIATION', 'PLAYER_AGE', 'GP', 'GS', 'MIN', 'FGM', 'FGA', 'FG_PCT', 'FG3M', 'FG3A', 'FG3_PCT', 'FTM', 'FTA', 'FT_PCT', 'OREB', 'DREB', 'REB', 'AST', 'STL', 'BLK', 'TOV', 'PF', 'PTS']","[[1629628, '2019-20', '00', 1610612752, 'NYK', 20.0, 56, 55, 1704, 292, 727, 0.402, 63, 197, 0.32, 156, 254, 0.614, 50, 229, 279, 143, 55, 17, 124, 122, 803], [1629628, '2020-21', '00', 1610612752, 'NYK', 21.0, 72, 72, 2511, 467, 1060, 0.441, 124, 309, 0.401, 206, 276, 0.746, 68, 346, 414, 217, 53, 20, 139, 188, 1264], [1629628, '2021-22', '00', 1610612752, 'NYK', 22.0, 70, 70, 2417, 487, 1194, 0.408, 138, 404, 0.342, 290, 406, 0.714, 66, 342, 408, 208, 43, 16, 151, 142, 1402], [1629628, '2022-23', '00', 1610612752, 'NYK', 23.0, 73, 73, 2476, 510, 1176, 0.434, 121, 390, 0.31, 290, 392, 0.74, 60, 308, 368, 201, 31, 15, 164, 179, 1431], [1629628, '2023-24', '00', 1610612752, 'NYK', 24.0, 26, 26, 767, 164, 388, 0.423, 43, 130, 0.331, 103, 124, 0.831, 19, 92, 111, 63, 12, 9, 47, 45, 474], [1629628, '2023-24', '00', 1610612761, 'TOR', 24.0, 32, 32, 1072, 272, 492, 0.553, 47, 120, 0.392, 105, 167, 0.629, 34, 170, 204, 130, 19, 13, 79, 84, 696], [1629628, '2023-24', '00', 0, 'TOT', 24.0, 58, 58, 1838, 436, 880, 0.495, 90, 250, 0.36, 208, 291, 0.715, 53, 262, 315, 193, 31, 22, 126, 129, 1170], [1629628, '2024-25', '00', 1610612761, 'TOR', 24.0, 58, 58, 1869, 460, 982, 0.468, 107, 306, 0.35, 196, 311, 0.63, 61, 305, 366, 314, 46, 17, 165, 137, 1223]]"
Jamison Battle,"['PLAYER_ID', 'SEASON_ID', 'LEAGUE_ID', 'TEAM_ID', 'TEAM_ABBREVIATION', 'PLAYER_AGE', 'GP', 'GS', 'MIN', 'FGM', 'FGA', 'FG_PCT', 'FG3M', 'FG3A', 'FG3_PCT', 'FTM', 'FTA', 'FT_PCT', 'OREB', 'DREB', 'REB', 'AST', 'STL', 'BLK', 'TOV', 'PF', 'PTS']","[[1642419, '2024-25', '00', 1610612761, 'TOR', 23.0, 59, 10, 1042, 149, 347, 0.429, 105, 259, 0.405, 16, 18, 0.889, 37, 121, 158, 53, 17, 10, 27, 92, 419]]"
Nicolas Batum,"['PLAYER_ID', 'SEASON_ID', 'LEAGUE_ID', 'TEAM_ID', 'TEAM_ABBREVIATION', 'PLAYER_AGE', 'GP', 'GS', 'MIN', 'FGM', 'FGA', 'FG_PCT', 'FG3M', 'FG3A', 'FG3_PCT', 'FTM', 'FTA', 'FT_PCT', 'OREB', 'DREB', 'REB', 'AST', 'STL', 'BLK', 'TOV', 'PF', 'PTS']","[[201587, '2008-09', '00', 1610612757, 'POR', 20.0, 79, 76, 1454, 161, 361, 0.446, 62, 168, 0.369, 42, 52, 0.808, 84, 136, 220, 74, 50, 40, 50, 139, 426], [201587, '2009-10', '00', 1610612757, 'POR', 21.0, 37, 25, 918, 139, 268, 0.519, 54, 132, 0.409, 43, 51, 0.843, 32, 109, 141, 44, 24, 25, 27, 83, 375], [201587, '2010-11', '00', 1610612757, 'POR', 22.0, 80, 67, 2522, 367, 807, 0.455, 118, 342, 0.345, 138, 164, 0.841, 109, 252, 361, 123, 68, 49, 83, 194, 990], [201587, '2011-12', '00', 1610612757, 'POR', 23.0, 59, 34, 1791, 289, 641, 0.451, 107, 274, 0.391, 133, 159, 0.836, 81, 190, 271, 84, 57, 60, 90, 105, 818], [201587, '2012-13', '00', 1610612757, 'POR', 24.0, 73, 73, 2807, 352, 833, 0.423, 165, 444, 0.372, 178, 210, 0.848, 97, 315, 412, 360, 91, 83, 190, 139, 1047], [201587, '2013-14', '00', 1610612757, 'POR', 25.0, 82, 82, 2956, 381, 819, 0.465, 145, 402, 0.361, 163, 203, 0.803, 116, 495, 611, 420, 75, 57, 208, 156, 1070], [201587, '2014-15', '00', 1610612757, 'POR', 26.0, 71, 71, 2380, 240, 600, 0.4, 100, 309, 0.324, 84, 98, 0.857, 62, 354, 416, 341, 78, 40, 132, 106, 664], [201587, '2015-16', '00', 1610612766, 'CHA', 27.0, 70, 70, 2448, 372, 873, 0.426, 139, 399, 0.348, 163, 192, 0.849, 55, 373, 428, 403, 65, 43, 205, 114, 1046], [201587, '2016-17', '00', 1610612766, 'CHA', 28.0, 77, 77, 2617, 393, 975, 0.403, 135, 405, 0.333, 243, 284, 0.856, 46, 435, 481, 456, 86, 29, 194, 109, 1164], [201587, '2017-18', '00', 1610612766, 'CHA', 29.0, 64, 64, 1981, 270, 650, 0.415, 92, 274, 0.336, 108, 130, 0.831, 57, 249, 306, 349, 65, 23, 131, 72, 740], [201587, '2018-19', '00', 1610612766, 'CHA', 30.0, 75, 72, 2354, 253, 562, 0.45, 116, 298, 0.389, 77, 89, 0.865, 71, 319, 390, 247, 71, 43, 117, 140, 699], [201587, '2019-20', '00', 1610612766, 'CHA', 31.0, 22, 3, 505, 28, 81, 0.346, 14, 49, 0.286, 9, 10, 0.9, 25, 75, 100, 66, 17, 8, 22, 41, 79], [201587, '2020-21', '00', 1610612746, 'LAC', 32.0, 67, 38, 1835, 191, 412, 0.464, 110, 272, 0.404, 48, 58, 0.828, 50, 266, 316, 148, 69, 37, 53, 102, 540], [201587, '2021-22', '00', 1610612746, 'LAC', 33.0, 59, 54, 1463, 179, 387, 0.463, 108, 270, 0.4, 25, 38, 0.658, 29, 225, 254, 100, 58, 42, 40, 80, 491], [201587, '2022-23', '00', 1610612746, 'LAC', 34.0, 78, 19, 1710, 160, 381, 0.42, 124, 317, 0.391, 34, 48, 0.708, 62, 237, 299, 121, 54, 44, 50, 149, 478], [201587, '2023-24', '00', 1610612746, 'LAC', 35.0, 3, 0, 54, 3, 8, 0.375, 2, 7, 0.286, 0, 0, 0.0, 0, 7, 7, 5, 3, 4, 1, 5, 8], [201587, '2023-24', '00', 1610612755, 'PHI', 35.0, 57, 38, 1476, 113, 248, 0.456, 71, 178, 0.399, 15, 21, 0.714, 70, 171, 241, 123, 45, 34, 39, 104, 312], [201587, '2023-24', '00', 0, 'TOT', 35.0, 60, 38, 1530, 116, 256, 0.453, 73, 185, 0.395, 15, 21, 0.714, 70, 178, 248, 128, 48, 38, 40, 109, 320], [201587, '2024-25', '00', 1610612746, 'LAC', 36.0, 78, 8, 1367, 104, 238, 0.437, 88, 203, 0.433, 17, 21, 0.81, 47, 171, 218, 84, 52, 36, 34, 111, 313]]"
Damion Baugh,"['PLAYER_ID', 'SEASON_ID', 'LEAGUE_ID', 'TEAM_ID', 'TEAM_ABBREVIATION', 'PLAYER_AGE', 'GP', 'GS', 'MIN', 'FGM', 'FGA', 'FG_PCT', 'FG3M', 'FG3A', 'FG3_PCT', 'FTM', 'FTA', 'FT_PCT', 'OREB', 'DREB', 'REB', 'AST', 'STL', 'BLK', 'TOV', 'PF', 'PTS']","[[1641878, '2024-25', '00', 1610612766, 'CHA', 24.0, 15, 2, 370, 42, 130, 0.323, 12, 56, 0.214, 13, 15, 0.867, 14, 36, 50, 56, 15, 2, 31, 22, 109]]"
Bradley Beal,"['PLAYER_ID', 'SEASON_ID', 'LEAGUE_ID', 'TEAM_ID', 'TEAM_ABBREVIATION', 'PLAYER_AGE', 'GP', 'GS', 'MIN', 'FGM', 'FGA', 'FG_PCT', 'FG3M', 'FG3A', 'FG3_PCT', 'FTM', 'FTA', 'FT_PCT', 'OREB', 'DREB', 'REB', 'AST', 'STL', 'BLK', 'TOV', 'PF', 'PTS']","[[203078, '2012-13', '00', 1610612764, 'WAS', 20.0, 56, 46, 1745, 282, 687, 0.41, 91, 236, 0.386, 125, 159, 0.786, 43, 168, 211, 137, 50, 29, 90, 113, 780], [203078, '2013-14', '00', 1610612764, 'WAS', 21.0, 73, 73, 2530, 481, 1149, 0.419, 138, 343, 0.402, 149, 189, 0.788, 54, 219, 273, 243, 71, 18, 128, 153, 1249], [203078, '2014-15', '00', 1610612764, 'WAS', 22.0, 63, 59, 2107, 363, 851, 0.427, 106, 259, 0.409, 130, 166, 0.783, 57, 184, 241, 194, 76, 18, 123, 136, 962], [203078, '2015-16', '00', 1610612764, 'WAS', 23.0, 55, 35, 1708, 359, 799, 0.449, 105, 271, 0.387, 135, 176, 0.767, 41, 147, 188, 162, 54, 11, 112, 117, 958], [203078, '2016-17', '00', 1610612764, 'WAS', 24.0, 77, 77, 2684, 637, 1322, 0.482, 223, 552, 0.404, 282, 342, 0.825, 53, 187, 240, 267, 83, 21, 156, 169, 1779], [203078, '2017-18', '00', 1610612764, 'WAS', 25.0, 82, 82, 2977, 683, 1484, 0.46, 199, 530, 0.375, 292, 369, 0.791, 61, 302, 363, 373, 96, 36, 214, 160, 1857], [203078, '2018-19', '00', 1610612764, 'WAS', 26.0, 82, 82, 3028, 764, 1609, 0.475, 209, 596, 0.351, 362, 448, 0.808, 89, 322, 411, 448, 121, 58, 224, 226, 2099], [203078, '2019-20', '00', 1610612764, 'WAS', 27.0, 57, 57, 2053, 593, 1303, 0.455, 170, 481, 0.353, 385, 457, 0.842, 52, 190, 242, 347, 71, 23, 194, 126, 1741], [203078, '2020-21', '00', 1610612764, 'WAS', 28.0, 60, 60, 2147, 670, 1382, 0.485, 130, 373, 0.349, 408, 459, 0.889, 72, 211, 283, 265, 69, 22, 187, 140, 1878], [203078, '2021-22', '00', 1610612764, 'WAS', 29.0, 40, 40, 1439, 348, 771, 0.451, 63, 210, 0.3, 169, 203, 0.833, 38, 151, 189, 265, 36, 15, 135, 95, 928], [203078, '2022-23', '00', 1610612764, 'WAS', 30.0, 50, 50, 1673, 444, 878, 0.506, 80, 219, 0.365, 192, 228, 0.842, 41, 155, 196, 271, 45, 33, 145, 107, 1160], [203078, '2023-24', '00', 1610612756, 'PHX', 31.0, 53, 53, 1767, 377, 735, 0.513, 101, 235, 0.43, 109, 134, 0.813, 54, 178, 232, 265, 52, 27, 131, 127, 964], [203078, '2024-25', '00', 1610612756, 'PHX', 31.0, 53, 38, 1702, 345, 694, 0.497, 102, 264, 0.386, 110, 137, 0.803, 34, 143, 177, 195, 58, 28, 99, 136, 902]]"
Malik Beasley,"['PLAYER_ID', 'SEASON_ID', 'LEAGUE_ID', 'TEAM_ID', 'TEAM_ABBREVIATION', 'PLAYER_AGE', 'GP', 'GS', 'MIN', 'FGM', 'FGA', 'FG_PCT', 'FG3M', 'FG3A', 'FG3_PCT', 'FTM', 'FTA', 'FT_PCT', 'OREB', 'DREB', 'REB', 'AST', 'STL', 'BLK', 'TOV', 'PF', 'PTS']","[[1627736, '2016-17', '00', 1610612743, 'DEN', 20.0, 22, 1, 165, 33, 73, 0.452, 9, 28, 0.321, 8, 10, 0.8, 5, 12, 17, 11, 7, 0, 8, 10, 83], [1627736, '2017-18', '00', 1610612743, 'DEN', 21.0, 62, 0, 583, 73, 178, 0.41, 28, 82, 0.341, 22, 33, 0.667, 14, 57, 71, 31, 15, 7, 24, 36, 196], [1627736, '2018-19', '00', 1610612743, 'DEN', 22.0, 81, 18, 1879, 349, 737, 0.474, 163, 405, 0.402, 56, 66, 0.848, 35, 165, 200, 97, 55, 10, 55, 116, 917], [1627736, '2019-20', '00', 1610612743, 'DEN', 23.0, 41, 0, 746, 117, 301, 0.389, 58, 161, 0.36, 33, 38, 0.868, 9, 68, 77, 48, 31, 6, 36, 50, 325], [1627736, '2019-20', '00', 1610612750, 'MIN', 23.0, 14, 14, 463, 110, 233, 0.472, 49, 115, 0.426, 21, 28, 0.75, 9, 62, 71, 27, 9, 2, 21, 27, 290], [1627736, '2019-20', '00', 0, 'TOT', 23.0, 55, 14, 1209, 227, 534, 0.425, 107, 276, 0.388, 54, 66, 0.818, 18, 130, 148, 75, 40, 8, 57, 77, 615], [1627736, '2020-21', '00', 1610612750, 'MIN', 24.0, 37, 36, 1214, 264, 600, 0.44, 128, 321, 0.399, 68, 80, 0.85, 28, 134, 162, 88, 30, 7, 60, 62, 724], [1627736, '2021-22', '00', 1610612750, 'MIN', 25.0, 79, 18, 1976, 332, 850, 0.391, 240, 637, 0.377, 49, 60, 0.817, 26, 201, 227, 116, 43, 12, 43, 88, 953], [1627736, '2022-23', '00', 1610612762, 'UTA', 26.0, 55, 13, 1472, 265, 669, 0.396, 169, 471, 0.359, 37, 44, 0.841, 27, 170, 197, 93, 44, 8, 60, 75, 736], [1627736, '2022-23', '00', 1610612747, 'LAL', 26.0, 26, 14, 621, 105, 268, 0.392, 66, 187, 0.353, 13, 21, 0.619, 8, 78, 86, 31, 21, 1, 30, 32, 289], [1627736, '2022-23', '00', 0, 'TOT', 26.0, 81, 27, 2093, 370, 937, 0.395, 235, 658, 0.357, 50, 65, 0.769, 35, 248, 283, 124, 65, 9, 90, 107, 1025], [1627736, '2023-24', '00', 1610612749, 'MIL', 27.0, 79, 77, 2337, 320, 722, 0.443, 224, 542, 0.413, 25, 35, 0.714, 41, 249, 290, 108, 59, 9, 54, 158, 889], [1627736, '2024-25', '00', 1610612765, 'DET', 28.0, 82, 18, 2283, 461, 1071, 0.43, 319, 766, 0.416, 95, 140, 0.679, 47, 167, 214, 139, 73, 5, 83, 125, 1336]]"
MarJon Beauchamp,"['PLAYER_ID', 'SEASON_ID', 'LEAGUE_ID', 'TEAM_ID', 'TEAM_ABBREVIATION', 'PLAYER_AGE', 'GP', 'GS', 'MIN', 'FGM', 'FGA', 'FG_PCT', 'FG3M', 'FG3A', 'FG3_PCT', 'FTM', 'FTA', 'FT_PCT', 'OREB', 'DREB', 'REB', 'AST', 'STL', 'BLK', 'TOV', 'PF', 'PTS']","[[1630699, '2022-23', '00', 1610612749, 'MIL', 22.0, 52, 11, 701, 96, 243, 0.395, 47, 142, 0.331, 27, 37, 0.73, 38, 77, 115, 35, 21, 7, 45, 71, 266], [1630699, '2023-24', '00', 1610612749, 'MIL', 23.0, 48, 1, 608, 81, 166, 0.488, 30, 75, 0.4, 19, 28, 0.679, 22, 77, 99, 31, 13, 7, 27, 54, 211], [1630699, '2024-25', '00', 1610612749, 'MIL', 24.0, 26, 0, 122, 18, 47, 0.383, 7, 21, 0.333, 9, 12, 0.75, 7, 25, 32, 8, 3, 1, 13, 10, 52], [1630699, '2024-25', '00', 1610612746, 'LAC', 24.0, 3, 0, 17, 4, 7, 0.571, 2, 3, 0.667, 2, 4, 0.5, 2, 1, 3, 2, 0, 0, 1, 2, 12], [1630699, '2024-25', '00', 1610612752, 'NYK', 24.0, 6, 0, 17, 5, 11, 0.455, 1, 5, 0.2, 4, 4, 1.0, 2, 7, 9, 1, 1, 0, 1, 2, 15], [1630699, '2024-25', '00', 0, 'TOT', 24.0, 35, 0, 156, 27, 65, 0.415, 10, 29, 0.345, 15, 20, 0.75, 11, 33, 44, 11, 4, 1, 15, 14, 79]]"
Reece Beekman,"['PLAYER_ID', 'SEASON_ID', 'LEAGUE_ID', 'TEAM_ID', 'TEAM_ABBREVIATION', 'PLAYER_AGE', 'GP', 'GS', 'MIN', 'FGM', 'FGA', 'FG_PCT', 'FG3M', 'FG3A', 'FG3_PCT', 'FTM', 'FTA', 'FT_PCT', 'OREB', 'DREB', 'REB', 'AST', 'STL', 'BLK', 'TOV', 'PF', 'PTS']","[[1641736, '2024-25', '00', 1610612744, 'GSW', 23.0, 2, 0, 4, 1, 1, 1.0, 0, 0, 0.0, 0, 0, 0.0, 1, 0, 1, 1, 1, 0, 0, 1, 2], [1641736, '2024-25', '00', 1610612751, 'BKN', 23.0, 34, 4, 465, 34, 106, 0.321, 7, 40, 0.175, 16, 21, 0.762, 12, 26, 38, 62, 32, 2, 21, 35, 91], [1641736, '2024-25', '00', 0, 'TOT', 23.0, 36, 4, 469, 35, 107, 0.327, 7, 40, 0.175, 16, 21, 0.762, 13, 26, 39, 63, 33, 2, 21, 36, 93]]"
Saddiq Bey,"['PLAYER_ID', 'SEASON_ID', 'LEAGUE_ID', 'TEAM_ID', 'TEAM_ABBREVIATION', 'PLAYER_AGE', 'GP', 'GS', 'MIN', 'FGM', 'FGA', 'FG_PCT', 'FG3M', 'FG3A', 'FG3_PCT', 'FTM', 'FTA', 'FT_PCT', 'OREB', 'DREB', 'REB', 'AST', 'STL', 'BLK', 'TOV', 'PF', 'PTS']","[[1630180, '2020-21', '00', 1610612765, 'DET', 22.0, 70, 53, 1909, 279, 691, 0.404, 175, 460, 0.38, 124, 147, 0.844, 43, 275, 318, 95, 52, 14, 60, 110, 857], [1630180, '2021-22', '00', 1610612765, 'DET', 23.0, 82, 82, 2704, 450, 1136, 0.396, 211, 610, 0.346, 210, 254, 0.827, 107, 334, 441, 233, 73, 16, 96, 128, 1321], [1630180, '2022-23', '00', 1610612765, 'DET', 24.0, 52, 30, 1500, 245, 606, 0.404, 101, 293, 0.345, 180, 209, 0.861, 59, 183, 242, 84, 50, 12, 54, 86, 771], [1630180, '2022-23', '00', 1610612737, 'ATL', 24.0, 25, 7, 629, 108, 230, 0.47, 50, 125, 0.4, 25, 29, 0.862, 39, 81, 120, 34, 20, 1, 17, 37, 291], [1630180, '2022-23', '00', 0, 'TOT', 24.0, 77, 37, 2129, 353, 836, 0.422, 151, 418, 0.361, 205, 238, 0.861, 98, 264, 362, 118, 70, 13, 71, 123, 1062], [1630180, '2023-24', '00', 1610612737, 'ATL', 25.0, 63, 51, 2062, 290, 697, 0.416, 113, 358, 0.316, 170, 203, 0.837, 167, 244, 411, 92, 51, 11, 54, 88, 863]]"
Goga Bitadze,"['PLAYER_ID', 'SEASON_ID', 'LEAGUE_ID', 'TEAM_ID', 'TEAM_ABBREVIATION', 'PLAYER_AGE', 'GP', 'GS', 'MIN', 'FGM', 'FGA', 'FG_PCT', 'FG3M', 'FG3A', 'FG3_PCT', 'FTM', 'FTA', 'FT_PCT', 'OREB', 'DREB', 'REB', 'AST', 'STL', 'BLK', 'TOV', 'PF', 'PTS']","[[1629048, '2019-20', '00', 1610612754, 'IND', 20.0, 54, 2, 471, 70, 150, 0.467, 8, 42, 0.19, 24, 33, 0.727, 25, 81, 106, 23, 10, 37, 28, 65, 172], [1629048, '2020-21', '00', 1610612754, 'IND', 21.0, 45, 3, 561, 83, 194, 0.428, 20, 79, 0.253, 45, 61, 0.738, 60, 90, 150, 37, 9, 60, 17, 94, 231], [1629048, '2021-22', '00', 1610612754, 'IND', 22.0, 50, 16, 729, 131, 252, 0.52, 23, 80, 0.288, 64, 94, 0.681, 79, 98, 177, 55, 21, 42, 46, 107, 349], [1629048, '2022-23', '00', 1610612754, 'IND', 23.0, 21, 0, 202, 27, 52, 0.519, 4, 14, 0.286, 11, 24, 0.458, 25, 24, 49, 18, 9, 10, 12, 34, 69], [1629048, '2022-23', '00', 1610612753, 'ORL', 23.0, 17, 1, 255, 42, 73, 0.575, 2, 12, 0.167, 12, 18, 0.667, 36, 52, 88, 21, 7, 16, 10, 30, 98], [1629048, '2022-23', '00', 0, 'TOT', 23.0, 38, 1, 457, 69, 125, 0.552, 6, 26, 0.231, 23, 42, 0.548, 61, 76, 137, 39, 16, 26, 22, 64, 167], [1629048, '2023-24', '00', 1610612753, 'ORL', 24.0, 62, 33, 957, 126, 209, 0.603, 2, 14, 0.143, 57, 87, 0.655, 109, 177, 286, 79, 32, 72, 44, 107, 311], [1629048, '2024-25', '00', 1610612753, 'ORL', 25.0, 70, 42, 1429, 207, 339, 0.611, 3, 28, 0.107, 85, 133, 0.639, 167, 296, 463, 137, 49, 98, 72, 150, 502]]"
Bismack Biyombo,"['PLAYER_ID', 'SEASON_ID', 'LEAGUE_ID', 'TEAM_ID', 'TEAM_ABBREVIATION', 'PLAYER_AGE', 'GP', 'GS', 'MIN', 'FGM', 'FGA', 'FG_PCT', 'FG3M', 'FG3A', 'FG3_PCT', 'FTM', 'FTA', 'FT_PCT', 'OREB', 'DREB', 'REB', 'AST', 'STL', 'BLK', 'TOV', 'PF', 'PTS']","[[202687, '2011-12', '00', 1610612766, 'CHA', 19.0, 63, 41, 1455, 129, 278, 0.464, 0, 0, 0.0, 69, 143, 0.483, 113, 255, 368, 27, 20, 115, 71, 145, 327], [202687, '2012-13', '00', 1610612766, 'CHA', 20.0, 80, 65, 2186, 156, 346, 0.451, 0, 0, 0.0, 74, 142, 0.521, 194, 388, 582, 35, 28, 143, 82, 195, 386], [202687, '2013-14', '00', 1610612766, 'CHA', 21.0, 77, 9, 1072, 88, 144, 0.611, 0, 0, 0.0, 46, 89, 0.517, 105, 261, 366, 8, 7, 86, 40, 124, 222], [202687, '2014-15', '00', 1610612766, 'CHA', 22.0, 64, 21, 1243, 101, 186, 0.543, 0, 0, 0.0, 102, 175, 0.583, 159, 248, 407, 16, 18, 99, 52, 140, 304], [202687, '2015-16', '00', 1610612761, 'TOR', 23.0, 82, 22, 1808, 156, 288, 0.542, 0, 1, 0.0, 142, 226, 0.628, 182, 473, 655, 29, 19, 133, 71, 225, 454], [202687, '2016-17', '00', 1610612753, 'ORL', 24.0, 81, 27, 1793, 179, 339, 0.528, 0, 0, 0.0, 125, 234, 0.534, 157, 410, 567, 74, 25, 91, 95, 202, 483], [202687, '2017-18', '00', 1610612753, 'ORL', 25.0, 82, 25, 1495, 183, 352, 0.52, 0, 1, 0.0, 102, 157, 0.65, 144, 324, 468, 66, 21, 95, 84, 158, 468], [202687, '2018-19', '00', 1610612766, 'CHA', 26.0, 54, 32, 782, 89, 156, 0.571, 0, 0, 0.0, 58, 91, 0.637, 81, 166, 247, 33, 11, 41, 34, 103, 236], [202687, '2019-20', '00', 1610612766, 'CHA', 27.0, 53, 29, 1029, 151, 278, 0.543, 0, 0, 0.0, 91, 151, 0.603, 120, 188, 308, 50, 10, 49, 48, 116, 393], [202687, '2020-21', '00', 1610612766, 'CHA', 28.0, 66, 36, 1349, 142, 242, 0.587, 0, 1, 0.0, 47, 105, 0.448, 137, 210, 347, 81, 17, 74, 71, 141, 331], [202687, '2021-22', '00', 1610612756, 'PHX', 29.0, 36, 3, 506, 86, 145, 0.593, 0, 0, 0.0, 38, 71, 0.535, 63, 104, 167, 23, 12, 26, 25, 70, 210], [202687, '2022-23', '00', 1610612756, 'PHX', 30.0, 61, 14, 874, 119, 206, 0.578, 0, 0, 0.0, 25, 70, 0.357, 89, 171, 260, 56, 18, 88, 51, 114, 263], [202687, '2023-24', '00', 1610612763, 'MEM', 31.0, 30, 27, 718, 67, 119, 0.563, 0, 0, 0.0, 22, 46, 0.478, 57, 134, 191, 51, 10, 34, 38, 82, 156], [202687, '2023-24', '00', 1610612760, 'OKC', 31.0, 10, 0, 73, 7, 12, 0.583, 0, 0, 0.0, 4, 8, 0.5, 5, 13, 18, 2, 1, 3, 4, 7, 18], [202687, '2023-24', '00', 0, 'TOT', 31.0, 40, 27, 791, 74, 131, 0.565, 0, 0, 0.0, 26, 54, 0.481, 62, 147, 209, 53, 11, 37, 42, 89, 174], [202687, '2024-25', '00', 1610612759, 'SAS', 32.0, 28, 26, 528, 67, 114, 0.588, 0, 0, 0.0, 10, 25, 0.4, 43, 115, 158, 31, 16, 23, 27, 52, 144]]"
Anthony Black,"['PLAYER_ID', 'SEASON_ID', 'LEAGUE_ID', 'TEAM_ID', 'TEAM_ABBREVIATION', 'PLAYER_AGE', 'GP', 'GS', 'MIN', 'FGM', 'FGA', 'FG_PCT', 'FG3M', 'FG3A', 'FG3_PCT', 'FTM', 'FTA', 'FT_PCT', 'OREB', 'DREB', 'REB', 'AST', 'STL', 'BLK', 'TOV', 'PF', 'PTS']","[[1641710, '2023-24', '00', 1610612753, 'ORL', 20.0, 69, 33, 1164, 115, 247, 0.466, 37, 94, 0.394, 49, 80, 0.613, 33, 106, 139, 91, 35, 21, 56, 110, 316], [1641710, '2024-25', '00', 1610612753, 'ORL', 21.0, 78, 10, 1887, 262, 620, 0.423, 62, 195, 0.318, 150, 197, 0.761, 52, 178, 230, 240, 86, 48, 139, 166, 736]]"
Bogdan Bogdanovi,"['PLAYER_ID', 'SEASON_ID', 'LEAGUE_ID', 'TEAM_ID', 'TEAM_ABBREVIATION', 'PLAYER_AGE', 'GP', 'GS', 'MIN', 'FGM', 'FGA', 'FG_PCT', 'FG3M', 'FG3A', 'FG3_PCT', 'FTM', 'FTA', 'FT_PCT', 'OREB', 'DREB', 'REB', 'AST', 'STL', 'BLK', 'TOV', 'PF', 'PTS']","[[203992, '2017-18', '00', 1610612758, 'SAC', 25.0, 78, 52, 2175, 344, 772, 0.446, 129, 329, 0.392, 100, 119, 0.84, 31, 192, 223, 258, 72, 16, 125, 172, 917], [203992, '2018-19', '00', 1610612758, 'SAC', 26.0, 70, 17, 1947, 361, 863, 0.418, 134, 372, 0.36, 134, 162, 0.827, 40, 203, 243, 267, 72, 15, 117, 142, 990], [203992, '2019-20', '00', 1610612758, 'SAC', 27.0, 61, 28, 1766, 337, 766, 0.44, 164, 441, 0.372, 86, 116, 0.741, 26, 181, 207, 207, 64, 15, 102, 133, 924], [203992, '2020-21', '00', 1610612737, 'ATL', 28.0, 44, 27, 1305, 267, 565, 0.473, 146, 333, 0.438, 40, 44, 0.909, 20, 140, 160, 147, 49, 13, 54, 99, 720], [203992, '2021-22', '00', 1610612737, 'ATL', 29.0, 63, 27, 1849, 342, 794, 0.431, 169, 459, 0.368, 97, 115, 0.843, 29, 221, 250, 194, 68, 14, 70, 132, 950], [203992, '2022-23', '00', 1610612737, 'ATL', 30.0, 54, 9, 1509, 273, 611, 0.447, 146, 360, 0.406, 64, 77, 0.831, 23, 142, 165, 150, 43, 18, 65, 86, 756], [203992, '2023-24', '00', 1610612737, 'ATL', 31.0, 79, 33, 2401, 471, 1100, 0.428, 240, 641, 0.374, 151, 164, 0.921, 53, 219, 272, 247, 96, 26, 112, 179, 1333], [203992, '2024-25', '00', 1610612737, 'ATL', 32.0, 24, 0, 598, 83, 224, 0.371, 44, 146, 0.301, 30, 34, 0.882, 12, 54, 66, 49, 20, 6, 37, 57, 240], [203992, '2024-25', '00', 1610612746, 'LAC', 32.0, 30, 4, 750, 127, 268, 0.474, 61, 143, 0.427, 28, 32, 0.875, 12, 81, 93, 97, 21, 5, 37, 70, 343], [203992, '2024-25', '00', 0, 'TOT', 32.0, 54, 4, 1348, 210, 492, 0.427, 105, 289, 0.363, 58, 66, 0.879, 24, 135, 159, 146, 41, 11, 74, 127, 583]]"
Bol Bol,"['PLAYER_ID', 'SEASON_ID', 'LEAGUE_ID', 'TEAM_ID', 'TEAM_ABBREVIATION', 'PLAYER_AGE', 'GP', 'GS', 'MIN', 'FGM', 'FGA', 'FG_PCT', 'FG3M', 'FG3A', 'FG3_PCT', 'FTM', 'FTA', 'FT_PCT', 'OREB', 'DREB', 'REB', 'AST', 'STL', 'BLK', 'TOV', 'PF', 'PTS']","[[1629626, '2019-20', '00', 1610612743, 'DEN', 20.0, 7, 0, 87, 14, 28, 0.5, 4, 9, 0.444, 8, 10, 0.8, 5, 14, 19, 6, 2, 6, 10, 11, 40], [1629626, '2020-21', '00', 1610612743, 'DEN', 21.0, 32, 2, 160, 25, 58, 0.431, 9, 24, 0.375, 10, 15, 0.667, 0, 24, 24, 7, 3, 10, 13, 14, 69], [1629626, '2021-22', '00', 1610612743, 'DEN', 22.0, 14, 0, 81, 15, 27, 0.556, 1, 4, 0.25, 2, 5, 0.4, 4, 16, 20, 5, 1, 2, 4, 4, 33], [1629626, '2022-23', '00', 1610612753, 'ORL', 23.0, 70, 33, 1505, 261, 478, 0.546, 30, 113, 0.265, 82, 108, 0.759, 69, 336, 405, 69, 30, 85, 112, 92, 634], [1629626, '2023-24', '00', 1610612756, 'PHX', 24.0, 43, 0, 469, 93, 151, 0.616, 22, 52, 0.423, 15, 19, 0.789, 32, 105, 137, 17, 10, 25, 19, 42, 223], [1629626, '2024-25', '00', 1610612756, 'PHX', 25.0, 36, 10, 448, 96, 183, 0.525, 32, 93, 0.344, 20, 26, 0.769, 20, 84, 104, 22, 9, 25, 20, 20, 244]]"
Adem Bona,"['PLAYER_ID', 'SEASON_ID', 'LEAGUE_ID', 'TEAM_ID', 'TEAM_ABBREVIATION', 'PLAYER_AGE', 'GP', 'GS', 'MIN', 'FGM', 'FGA', 'FG_PCT', 'FG3M', 'FG3A', 'FG3_PCT', 'FTM', 'FTA', 'FT_PCT', 'OREB', 'DREB', 'REB', 'AST', 'STL', 'BLK', 'TOV', 'PF', 'PTS']","[[1641737, '2024-25', '00', 1610612755, 'PHI', 22.0, 58, 11, 905, 135, 192, 0.703, 0, 1, 0.0, 67, 100, 0.67, 92, 153, 245, 27, 26, 69, 61, 125, 337]]"
Devin Booker,"['PLAYER_ID', 'SEASON_ID', 'LEAGUE_ID', 'TEAM_ID', 'TEAM_ABBREVIATION', 'PLAYER_AGE', 'GP', 'GS', 'MIN', 'FGM', 'FGA', 'FG_PCT', 'FG3M', 'FG3A', 'FG3_PCT', 'FTM', 'FTA', 'FT_PCT', 'OREB', 'DREB', 'REB', 'AST', 'STL', 'BLK', 'TOV', 'PF', 'PTS']","[[1626164, '2015-16', '00', 1610612756, 'PHX', 19.0, 76, 51, 2108, 367, 867, 0.423, 99, 289, 0.343, 215, 256, 0.84, 27, 160, 187, 200, 44, 20, 160, 225, 1048], [1626164, '2016-17', '00', 1610612756, 'PHX', 20.0, 78, 78, 2731, 606, 1431, 0.423, 147, 405, 0.363, 367, 441, 0.832, 46, 203, 249, 268, 72, 21, 241, 242, 1726], [1626164, '2017-18', '00', 1610612756, 'PHX', 21.0, 54, 54, 1865, 455, 1054, 0.432, 147, 384, 0.383, 289, 329, 0.878, 26, 218, 244, 253, 47, 14, 194, 168, 1346], [1626164, '2018-19', '00', 1610612756, 'PHX', 22.0, 64, 64, 2242, 586, 1255, 0.467, 135, 414, 0.326, 393, 454, 0.866, 39, 226, 265, 433, 56, 13, 264, 200, 1700], [1626164, '2019-20', '00', 1610612756, 'PHX', 23.0, 70, 70, 2512, 627, 1283, 0.489, 141, 398, 0.354, 468, 509, 0.919, 29, 268, 297, 456, 49, 18, 264, 213, 1863], [1626164, '2020-21', '00', 1610612756, 'PHX', 24.0, 67, 67, 2270, 623, 1287, 0.484, 126, 371, 0.34, 340, 392, 0.867, 34, 247, 281, 289, 53, 16, 207, 181, 1712], [1626164, '2021-22', '00', 1610612756, 'PHX', 25.0, 68, 68, 2345, 662, 1421, 0.466, 183, 478, 0.383, 315, 363, 0.868, 45, 297, 342, 329, 77, 26, 162, 180, 1822], [1626164, '2022-23', '00', 1610612756, 'PHX', 26.0, 53, 53, 1835, 527, 1067, 0.494, 111, 316, 0.351, 306, 358, 0.855, 46, 194, 240, 293, 51, 18, 145, 159, 1471], [1626164, '2023-24', '00', 1610612756, 'PHX', 27.0, 68, 68, 2447, 642, 1305, 0.492, 152, 418, 0.364, 405, 457, 0.886, 56, 252, 308, 472, 61, 28, 178, 206, 1841], [1626164, '2024-25', '00', 1610612756, 'PHX', 28.0, 75, 75, 2795, 654, 1420, 0.461, 183, 551, 0.332, 432, 483, 0.894, 76, 229, 305, 529, 67, 16, 220, 198, 1923]]"
